Symbol,Description
A5,ATX Index
A5.C,ATX Index Continuation
A5H24,ATX Index {Mar 24}
A5M24,ATX Index {Jun 24}
A5U24,ATX Index {Sep 24}
A5Z23,ATX Index {Dec 23}
AC.C,MSCI World Index Continuation
ACH24,MSCI World Index {Mar 24}
ACH25,MSCI World Index {Mar 25}
ACH26,MSCI World Index {Mar 26}
ACH27,MSCI World Index {Mar 27}
ACH28,MSCI World Index {Mar 28}
ACM24,MSCI World Index {Jun 24}
ACM25,MSCI World Index {Jun 25}
ACM26,MSCI World Index {Jun 26}
ACM27,MSCI World Index {Jun 27}
ACM28,MSCI World Index {Jun 28}
ACU24,MSCI World Index {Sep 24}
ACU25,MSCI World Index {Sep 25}
ACU26,MSCI World Index {Sep 26}
ACU27,MSCI World Index {Sep 27}
ACU28,MSCI World Index {Sep 28}
ACZ23,MSCI World Index {Dec 23}
ACZ24,MSCI World Index {Dec 24}
ACZ25,MSCI World Index {Dec 25}
ACZ26,MSCI World Index {Dec 26}
ACZ27,MSCI World Index {Dec 27}
ACZ28,MSCI World Index {Dec 28}
AI.C,DivDAX Futures Continuation
AIH24,DivDAX Futures {Mar 24}
AIM24,DivDAX Futures {Jun 24}
AIU24,DivDAX Futures {Sep 24}
AIZ23,DivDAX Futures {Dec 23}
AQ.C,Stoxx Dividend 30 Continuation
AQH24,Stoxx Dividend 30 {Mar 24}
AQM24,Stoxx Dividend 30 {Jun 24}
AQU24,Stoxx Dividend 30 {Sep 24}
AQZ23,Stoxx Dividend 30 {Dec 23}
C1.C,Euro Stoxx Chemicals Continuation
C1H24,Euro Stoxx Chemicals {Mar 24}
C1M24,Euro Stoxx Chemicals {Jun 24}
C1U24,Euro Stoxx Chemicals {Sep 24}
C1Z23,Euro Stoxx Chemicals {Dec 23}
CF.C,Eurex Conf 10-Year Continuation
CFH24,Eurex Conf 10-Year {Mar 24}
CFM24,Eurex Conf 10-Year {Jun 24}
CFU24,Eurex Conf 10-Year {Sep 24}
CFZ23,Eurex Conf 10-Year {Dec 23}
D0.C,IPD UK Property Idx Continuation
D0H24,IPD UK Property Idx {Mar 24}
D0M24,IPD UK Property Idx {Jun 24}
D0U24,IPD UK Property Idx {Sep 24}
D0Z23,IPD UK Property Idx {Dec 23}
D9.C,Euro Stoxx Oil & Gas Continuation
D9H24,Euro Stoxx Oil & Gas {Mar 24}
D9M24,Euro Stoxx Oil & Gas {Jun 24}
D9U24,Euro Stoxx Oil & Gas {Sep 24}
D9Z23,Euro Stoxx Oil & Gas {Dec 23}
DM,MDAX Index
DM.C,MDAX Index Continuation
DMH24,MDAX Index {Mar 24}
DMM24,MDAX Index {Jun 24}
DMU24,MDAX Index {Sep 24}
DMZ23,MDAX Index {Dec 23}
DO.C,Euro Stoxx Dividend Continuation
DOM24,Euro Stoxx Dividend {Jun 24}
DOM25,Euro Stoxx Dividend {Jun 25}
DOZ23,Euro Stoxx Dividend {Dec 23}
DOZ24,Euro Stoxx Dividend {Dec 24}
DOZ25,Euro Stoxx Dividend {Dec 25}
DOZ26,Euro Stoxx Dividend {Dec 26}
DOZ27,Euro Stoxx Dividend {Dec 27}
DOZ28,Euro Stoxx Dividend {Dec 28}
DOZ29,Euro Stoxx Dividend {Dec 29}
DOZ30,Euro Stoxx Dividend {Dec 30}
DOZ31,Euro Stoxx Dividend {Dec 31}
DOZ32,Euro Stoxx Dividend {Dec 32}
DOZ33,Euro Stoxx Dividend {Dec 33}
DV,VSTOXX Mini
DV.C,VSTOXX Mini Continuation
DVF24,VSTOXX Mini {Jan 24}
DVG24,VSTOXX Mini {Feb 24}
DVH24,VSTOXX Mini {Mar 24}
DVJ24,VSTOXX Mini {Apr 24}
DVK24,VSTOXX Mini {May 24}
DVM24,VSTOXX Mini {Jun 24}
DVN24,VSTOXX Mini {Jul 24}
DVQ24,VSTOXX Mini {Aug 24}
DVZ23,VSTOXX Mini {Dec 23}
DY,DAX Index
DY.C,DAX Index Continuation
DYH24,DAX Index {Mar 24}
DYH25,DAX Index {Mar 25}
DYH26,DAX Index {Mar 26}
DYM24,DAX Index {Jun 24}
DYM25,DAX Index {Jun 25}
DYM26,DAX Index {Jun 26}
DYU24,DAX Index {Sep 24}
DYU25,DAX Index {Sep 25}
DYU26,DAX Index {Sep 26}
DYZ23,DAX Index {Dec 23}
DYZ24,DAX Index {Dec 24}
DYZ25,DAX Index {Dec 25}
DYZ26,DAX Index {Dec 26}
DZ.C,TECDAX Index Continuation
DZH24,TECDAX Index {Mar 24}
DZM24,TECDAX Index {Jun 24}
DZU24,TECDAX Index {Sep 24}
DZZ23,TECDAX Index {Dec 23}
FA.C,Euro Stoxx Banks 600 Continuation
FAH24,Euro Stoxx Banks 600 {Mar 24}
FAM24,Euro Stoxx Banks 600 {Jun 24}
FAU24,Euro Stoxx Banks 600 {Sep 24}
FAZ23,Euro Stoxx Banks 600 {Dec 23}
FB.C,Stoxx Banks 600 Continuation
FBH24,Stoxx Banks 600 {Mar 24}
FBM24,Stoxx Banks 600 {Jun 24}
FBU24,Stoxx Banks 600 {Sep 24}
FBZ23,Stoxx Banks 600 {Dec 23}
FM.C,Stoxx Mid 200 Continuation
FMH24,Stoxx Mid 200 {Mar 24}
FMM24,Stoxx Mid 200 {Jun 24}
FMU24,Stoxx Mid 200 {Sep 24}
FMZ23,Stoxx Mid 200 {Dec 23}
FN.C,Euro OAT Continuation
FNH24,Euro OAT {Mar 24}
FNM24,Euro OAT {Jun 24}
FNU24,Euro OAT {Sep 24}
FNZ23,Euro OAT {Dec 23}
FP.C,OMX Helsinki 25 Continuation
FPH24,OMX Helsinki 25 {Mar 24}
FPM24,OMX Helsinki 25 {Jun 24}
FPU24,OMX Helsinki 25 {Sep 24}
FPZ23,OMX Helsinki 25 {Dec 23}
FS.C,Stoxx 50 Continuation
FSH24,Stoxx 50 {Mar 24}
FSM24,Stoxx 50 {Jun 24}
FSU24,Stoxx 50 {Sep 24}
FSZ23,Stoxx 50 {Dec 23}
FU.C,Euro Stoxx 50 TR Continuation
FUH24,Euro Stoxx 50 TR {Mar 24}
FUH25,Euro Stoxx 50 TR {Mar 25}
FUH26,Euro Stoxx 50 TR {Mar 26}
FUH27,Euro Stoxx 50 TR {Mar 27}
FUH28,Euro Stoxx 50 TR {Mar 28}
FUH29,Euro Stoxx 50 TR {Mar 29}
FUM24,Euro Stoxx 50 TR {Jun 24}
FUM25,Euro Stoxx 50 TR {Jun 25}
FUM26,Euro Stoxx 50 TR {Jun 26}
FUM27,Euro Stoxx 50 TR {Jun 27}
FUM28,Euro Stoxx 50 TR {Jun 28}
FUU24,Euro Stoxx 50 TR {Sep 24}
FUU25,Euro Stoxx 50 TR {Sep 25}
FUU26,Euro Stoxx 50 TR {Sep 26}
FUU27,Euro Stoxx 50 TR {Sep 27}
FUU28,Euro Stoxx 50 TR {Sep 28}
FUZ23,Euro Stoxx 50 TR {Dec 23}
FUZ24,Euro Stoxx 50 TR {Dec 24}
FUZ25,Euro Stoxx 50 TR {Dec 25}
FUZ26,Euro Stoxx 50 TR {Dec 26}
FUZ27,Euro Stoxx 50 TR {Dec 27}
FUZ28,Euro Stoxx 50 TR {Dec 28}
FUZ29,Euro Stoxx 50 TR {Dec 29}
FUZ30,Euro Stoxx 50 TR {Dec 30}
FUZ31,Euro Stoxx 50 TR {Dec 31}
FUZ32,Euro Stoxx 50 TR {Dec 32}
FUZ33,Euro Stoxx 50 TR {Dec 33}
FX,Euro Stoxx 50
FX.C,Euro Stoxx 50 Continuation
FXH24,Euro Stoxx 50 {Mar 24}
FXH25,Euro Stoxx 50 {Mar 25}
FXH26,Euro Stoxx 50 {Mar 26}
FXM24,Euro Stoxx 50 {Jun 24}
FXM25,Euro Stoxx 50 {Jun 25}
FXM26,Euro Stoxx 50 {Jun 26}
FXU24,Euro Stoxx 50 {Sep 24}
FXU25,Euro Stoxx 50 {Sep 25}
FXU26,Euro Stoxx 50 {Sep 26}
FXZ23,Euro Stoxx 50 {Dec 23}
FXZ24,Euro Stoxx 50 {Dec 24}
FXZ25,Euro Stoxx 50 {Dec 25}
FXZ26,Euro Stoxx 50 {Dec 26}
FY.C,Stoxx 600 Continuation
FYH24,Stoxx 600 {Mar 24}
FYH25,Stoxx 600 {Mar 25}
FYH26,Stoxx 600 {Mar 26}
FYM24,Stoxx 600 {Jun 24}
FYM25,Stoxx 600 {Jun 25}
FYM26,Stoxx 600 {Jun 26}
FYU24,Stoxx 600 {Sep 24}
FYU25,Stoxx 600 {Sep 25}
FYU26,Stoxx 600 {Sep 26}
FYZ23,Stoxx 600 {Dec 23}
FYZ24,Stoxx 600 {Dec 24}
FYZ25,Stoxx 600 {Dec 25}
FYZ26,Stoxx 600 {Dec 26}
GG.C,Euro Bund Continuation
GGH24,Euro Bund {Mar 24}
GGM24,Euro Bund {Jun 24}
GGU24,Euro Bund {Sep 24}
GGZ23,Euro Bund {Dec 23}
GT.C,Euro OAT Medium-Term Continuation
GTH24,Euro OAT Medium-Term {Mar 24}
GTM24,Euro OAT Medium-Term {Jun 24}
GTU24,Euro OAT Medium-Term {Sep 24}
GTZ23,Euro OAT Medium-Term {Dec 23}
GX.C,Euro Buxl Continuation
GXH24,Euro Buxl {Mar 24}
GXM24,Euro Buxl {Jun 24}
GXU24,Euro Buxl {Sep 24}
GXZ23,Euro Buxl {Dec 23}
HF.C,Euro Schatz Continuation
HFH24,Euro Schatz {Mar 24}
HFM24,Euro Schatz {Jun 24}
HFU24,Euro Schatz {Sep 24}
HFZ23,Euro Schatz {Dec 23}
HR.C,Euro Bobl Continuation
HRH24,Euro Bobl {Mar 24}
HRM24,Euro Bobl {Jun 24}
HRU24,Euro Bobl {Sep 24}
HRZ23,Euro Bobl {Dec 23}
IA.C,Euro BTP Short-Term Continuation
IAH24,Euro BTP Short-Term {Mar 24}
IAM24,Euro BTP Short-Term {Jun 24}
IAU24,Euro BTP Short-Term {Sep 24}
IAZ23,Euro BTP Short-Term {Dec 23}
IEH24,Euro Stoxx Utilities {Mar 24}
IEM24,Euro Stoxx Utilities {Jun 24}
IEU24,Euro Stoxx Utilities {Sep 24}
IEZ23,Euro Stoxx Utilities {Dec 23}
II.C,Euro BTP Long-Term Continuation
IIH24,Euro BTP Long-Term {Mar 24}
IIM24,Euro BTP Long-Term {Jun 24}
IIU24,Euro BTP Long-Term {Sep 24}
IIZ23,Euro BTP Long-Term {Dec 23}
IZ.C,Euro Bono Long-Term Continuation
IZH24,Euro Bono Long-Term {Mar 24}
IZM24,Euro Bono Long-Term {Jun 24}
IZU24,Euro Bono Long-Term {Sep 24}
IZZ23,Euro Bono Long-Term {Dec 23}
J3.C,Stoxx Euro600 Travel Continuation
J3H24,Stoxx Euro600 Travel {Mar 24}
J3M24,Stoxx Euro600 Travel {Jun 24}
J3U24,Stoxx Euro600 Travel {Sep 24}
J3Z23,Stoxx Euro600 Travel {Dec 23}
J4.C,Stoxx Euro600 Utilit Continuation
J4H24,Stoxx Euro600 Utilit {Mar 24}
J4M24,Stoxx Euro600 Utilit {Jun 24}
J4U24,Stoxx Euro600 Utilit {Sep 24}
J4Z23,Stoxx Euro600 Utilit {Dec 23}
J5.C,Stoxx Euro600 Telcom Continuation
J5H24,Stoxx Euro600 Telcom {Mar 24}
J5M24,Stoxx Euro600 Telcom {Jun 24}
J5U24,Stoxx Euro600 Telcom {Sep 24}
J5Z23,Stoxx Euro600 Telcom {Dec 23}
JD.C,MSCI Europe Index Continuation
JDH24,MSCI Europe Index {Mar 24}
JDH25,MSCI Europe Index {Mar 25}
JDH26,MSCI Europe Index {Mar 26}
JDM24,MSCI Europe Index {Jun 24}
JDM25,MSCI Europe Index {Jun 25}
JDM26,MSCI Europe Index {Jun 26}
JDU24,MSCI Europe Index {Sep 24}
JDU25,MSCI Europe Index {Sep 25}
JDU26,MSCI Europe Index {Sep 26}
JDZ23,MSCI Europe Index {Dec 23}
JDZ24,MSCI Europe Index {Dec 24}
JDZ25,MSCI Europe Index {Dec 25}
JDZ26,MSCI Europe Index {Dec 26}
JT.C,Euro BTP Medium-Term Continuation
JTH24,Euro BTP Medium-Term {Mar 24}
JTM24,Euro BTP Medium-Term {Jun 24}
JTU24,Euro BTP Medium-Term {Sep 24}
JTZ23,Euro BTP Medium-Term {Dec 23}
L9.C,Euro Stoxx Telcom Continuation
L9H24,Euro Stoxx Telcom {Mar 24}
L9M24,Euro Stoxx Telcom {Jun 24}
L9U24,Euro Stoxx Telcom {Sep 24}
L9Z23,Euro Stoxx Telcom {Dec 23}
LI.C,DJ-UBS Agriculture Continuation
LIF24,DJ-UBS Agriculture {Jan 24}
LIG24,DJ-UBS Agriculture {Feb 24}
LIH24,DJ-UBS Agriculture {Mar 24}
LIM24,DJ-UBS Agriculture {Jun 24}
LIM25,DJ-UBS Agriculture {Jun 25}
LIM26,DJ-UBS Agriculture {Jun 26}
LIU24,DJ-UBS Agriculture {Sep 24}
LIZ23,DJ-UBS Agriculture {Dec 23}
LIZ24,DJ-UBS Agriculture {Dec 24}
LIZ25,DJ-UBS Agriculture {Dec 25}
LIZ26,DJ-UBS Agriculture {Dec 26}
LIZ27,DJ-UBS Agriculture {Dec 27}
LIZ28,DJ-UBS Agriculture {Dec 28}
LJ.C,DJ-UBS Commodity Continuation
LJF24,DJ-UBS Commodity {Jan 24}
LJG24,DJ-UBS Commodity {Feb 24}
LJH24,DJ-UBS Commodity {Mar 24}
LJM24,DJ-UBS Commodity {Jun 24}
LJM25,DJ-UBS Commodity {Jun 25}
LJM26,DJ-UBS Commodity {Jun 26}
LJU24,DJ-UBS Commodity {Sep 24}
LJZ23,DJ-UBS Commodity {Dec 23}
LJZ24,DJ-UBS Commodity {Dec 24}
LJZ25,DJ-UBS Commodity {Dec 25}
LJZ26,DJ-UBS Commodity {Dec 26}
LJZ27,DJ-UBS Commodity {Dec 27}
LJZ28,DJ-UBS Commodity {Dec 28}
LK.C,DJ-UBS Energy Continuation
LKF24,DJ-UBS Energy {Jan 24}
LKG24,DJ-UBS Energy {Feb 24}
LKH24,DJ-UBS Energy {Mar 24}
LKM24,DJ-UBS Energy {Jun 24}
LKM25,DJ-UBS Energy {Jun 25}
LKM26,DJ-UBS Energy {Jun 26}
LKU24,DJ-UBS Energy {Sep 24}
LKZ23,DJ-UBS Energy {Dec 23}
LKZ24,DJ-UBS Energy {Dec 24}
LKZ25,DJ-UBS Energy {Dec 25}
LKZ26,DJ-UBS Energy {Dec 26}
LKZ27,DJ-UBS Energy {Dec 27}
LKZ28,DJ-UBS Energy {Dec 28}
LZ.C,DJ-UBS Industrial Continuation
LZF24,DJ-UBS Industrial {Jan 24}
LZG24,DJ-UBS Industrial {Feb 24}
LZH24,DJ-UBS Industrial {Mar 24}
LZM24,DJ-UBS Industrial {Jun 24}
LZM25,DJ-UBS Industrial {Jun 25}
LZM26,DJ-UBS Industrial {Jun 26}
LZU24,DJ-UBS Industrial {Sep 24}
LZZ23,DJ-UBS Industrial {Dec 23}
LZZ24,DJ-UBS Industrial {Dec 24}
LZZ25,DJ-UBS Industrial {Dec 25}
LZZ26,DJ-UBS Industrial {Dec 26}
LZZ27,DJ-UBS Industrial {Dec 27}
LZZ28,DJ-UBS Industrial {Dec 28}
M4.C,Stoxx Euro600 RealEs Continuation
M4H24,Stoxx Euro600 RealEs {Mar 24}
M4M24,Stoxx Euro600 RealEs {Jun 24}
M4U24,Stoxx Euro600 RealEs {Sep 24}
M4Z23,Stoxx Euro600 RealEs {Dec 23}
NA.C,MSCI China Index Continuation
NAH24,MSCI China Index {Mar 24}
NAH25,MSCI China Index {Mar 25}
NAH26,MSCI China Index {Mar 26}
NAM24,MSCI China Index {Jun 24}
NAM25,MSCI China Index {Jun 25}
NAM26,MSCI China Index {Jun 26}
NAU24,MSCI China Index {Sep 24}
NAU25,MSCI China Index {Sep 25}
NAU26,MSCI China Index {Sep 26}
NAZ23,MSCI China Index {Dec 23}
NAZ24,MSCI China Index {Dec 24}
NAZ25,MSCI China Index {Dec 25}
NAZ26,MSCI China Index {Dec 26}
OA.C,Stoxx Basic Resource Continuation
OAH24,Stoxx Basic Resource {Mar 24}
OAM24,Stoxx Basic Resource {Jun 24}
OAU24,Stoxx Basic Resource {Sep 24}
OAZ23,Stoxx Basic Resource {Dec 23}
PE.C,Euro Stoxx Index Continuation
PEH24,Euro Stoxx Index {Mar 24}
PEM24,Euro Stoxx Index {Jun 24}
PEU24,Euro Stoxx Index {Sep 24}
PEZ23,Euro Stoxx Index {Dec 23}
PF.C,Euro Stoxx Large Continuation
PFH24,Euro Stoxx Large {Mar 24}
PFM24,Euro Stoxx Large {Jun 24}
PFU24,Euro Stoxx Large {Sep 24}
PFZ23,Euro Stoxx Large {Dec 23}
PG.C,Euro Stoxx Mid Continuation
PGH24,Euro Stoxx Mid {Mar 24}
PGH25,Euro Stoxx Mid {Mar 25}
PGH26,Euro Stoxx Mid {Mar 26}
PGM24,Euro Stoxx Mid {Jun 24}
PGM25,Euro Stoxx Mid {Jun 25}
PGM26,Euro Stoxx Mid {Jun 26}
PGU24,Euro Stoxx Mid {Sep 24}
PGU25,Euro Stoxx Mid {Sep 25}
PGU26,Euro Stoxx Mid {Sep 26}
PGZ23,Euro Stoxx Mid {Dec 23}
PGZ24,Euro Stoxx Mid {Dec 24}
PGZ25,Euro Stoxx Mid {Dec 25}
PGZ26,Euro Stoxx Mid {Dec 26}
PI.C,Euro Stoxx Small Continuation
PIH24,Euro Stoxx Small {Mar 24}
PIM24,Euro Stoxx Small {Jun 24}
PIU24,Euro Stoxx Small {Sep 24}
PIZ23,Euro Stoxx Small {Dec 23}
PM.C,DJ-UBS Metals Continuation
PMF24,DJ-UBS Metals {Jan 24}
PMG24,DJ-UBS Metals {Feb 24}
PMH24,DJ-UBS Metals {Mar 24}
PMM24,DJ-UBS Metals {Jun 24}
PMM25,DJ-UBS Metals {Jun 25}
PMM26,DJ-UBS Metals {Jun 26}
PMU24,DJ-UBS Metals {Sep 24}
PMZ23,DJ-UBS Metals {Dec 23}
PMZ24,DJ-UBS Metals {Dec 24}
PMZ25,DJ-UBS Metals {Dec 25}
PMZ26,DJ-UBS Metals {Dec 26}
PMZ27,DJ-UBS Metals {Dec 27}
PMZ28,DJ-UBS Metals {Dec 28}
PO.C,Stoxx Eur Large 200 Continuation
POH24,Stoxx Eur Large 200 {Mar 24}
POM24,Stoxx Eur Large 200 {Jun 24}
POU24,Stoxx Eur Large 200 {Sep 24}
POZ23,Stoxx Eur Large 200 {Dec 23}
PT.C,Stoxx Eur Small 200 Continuation
PTH24,Stoxx Eur Small 200 {Mar 24}
PTM24,Stoxx Eur Small 200 {Jun 24}
PTU24,Stoxx Eur Small 200 {Sep 24}
PTZ23,Stoxx Eur Small 200 {Dec 23}
PU.C,DJ-UBS Softs Continuation
PUF24,DJ-UBS Softs {Jan 24}
PUG24,DJ-UBS Softs {Feb 24}
PUH24,DJ-UBS Softs {Mar 24}
PUM24,DJ-UBS Softs {Jun 24}
PUM25,DJ-UBS Softs {Jun 25}
PUM26,DJ-UBS Softs {Jun 26}
PUU24,DJ-UBS Softs {Sep 24}
PUZ23,DJ-UBS Softs {Dec 23}
PUZ24,DJ-UBS Softs {Dec 24}
PUZ25,DJ-UBS Softs {Dec 25}
PUZ26,DJ-UBS Softs {Dec 26}
PUZ27,DJ-UBS Softs {Dec 27}
PUZ28,DJ-UBS Softs {Dec 28}
Q5.C,Stoxx Real Estate Continuation
Q5H24,Stoxx Real Estate {Mar 24}
Q5M24,Stoxx Real Estate {Jun 24}
Q5U24,Stoxx Real Estate {Sep 24}
Q5Z23,Stoxx Real Estate {Dec 23}
QJ.C,DJ-UBS Petroleum Continuation
QJF24,DJ-UBS Petroleum {Jan 24}
QJG24,DJ-UBS Petroleum {Feb 24}
QJH24,DJ-UBS Petroleum {Mar 24}
QJM24,DJ-UBS Petroleum {Jun 24}
QJM25,DJ-UBS Petroleum {Jun 25}
QJM26,DJ-UBS Petroleum {Jun 26}
QJU24,DJ-UBS Petroleum {Sep 24}
QJZ23,DJ-UBS Petroleum {Dec 23}
QJZ24,DJ-UBS Petroleum {Dec 24}
QJZ25,DJ-UBS Petroleum {Dec 25}
QJZ26,DJ-UBS Petroleum {Dec 26}
QJZ27,DJ-UBS Petroleum {Dec 27}
QJZ28,DJ-UBS Petroleum {Dec 28}
QK.C,DJ-UBS Livestock Continuation
QKF24,DJ-UBS Livestock {Jan 24}
QKG24,DJ-UBS Livestock {Feb 24}
QKH24,DJ-UBS Livestock {Mar 24}
QKM24,DJ-UBS Livestock {Jun 24}
QKM25,DJ-UBS Livestock {Jun 25}
QKM26,DJ-UBS Livestock {Jun 26}
QKU24,DJ-UBS Livestock {Sep 24}
QKZ23,DJ-UBS Livestock {Dec 23}
QKZ24,DJ-UBS Livestock {Dec 24}
QKZ25,DJ-UBS Livestock {Dec 25}
QKZ26,DJ-UBS Livestock {Dec 26}
QKZ27,DJ-UBS Livestock {Dec 27}
QKZ28,DJ-UBS Livestock {Dec 28}
QN.C,DJ-UBS Grains Continuation
QNF24,DJ-UBS Grains {Jan 24}
QNG24,DJ-UBS Grains {Feb 24}
QNH24,DJ-UBS Grains {Mar 24}
QNM24,DJ-UBS Grains {Jun 24}
QNM25,DJ-UBS Grains {Jun 25}
QNM26,DJ-UBS Grains {Jun 26}
QNU24,DJ-UBS Grains {Sep 24}
QNZ23,DJ-UBS Grains {Dec 23}
QNZ24,DJ-UBS Grains {Dec 24}
QNZ25,DJ-UBS Grains {Dec 25}
QNZ26,DJ-UBS Grains {Dec 26}
QNZ27,DJ-UBS Grains {Dec 27}
QNZ28,DJ-UBS Grains {Dec 28}
QP.C,DJ-UBS Ex Energy Continuation
QPF24,DJ-UBS Ex Energy {Jan 24}
QPG24,DJ-UBS Ex Energy {Feb 24}
QPH24,DJ-UBS Ex Energy {Mar 24}
QPM24,DJ-UBS Ex Energy {Jun 24}
QPM25,DJ-UBS Ex Energy {Jun 25}
QPM26,DJ-UBS Ex Energy {Jun 26}
QPU24,DJ-UBS Ex Energy {Sep 24}
QPZ23,DJ-UBS Ex Energy {Dec 23}
QPZ24,DJ-UBS Ex Energy {Dec 24}
QPZ25,DJ-UBS Ex Energy {Dec 25}
QPZ26,DJ-UBS Ex Energy {Dec 26}
QPZ27,DJ-UBS Ex Energy {Dec 27}
QPZ28,DJ-UBS Ex Energy {Dec 28}
S5.C,Stoxx Euro600 Auto Continuation
S5H24,Stoxx Euro600 Auto {Mar 24}
S5M24,Stoxx Euro600 Auto {Jun 24}
S5U24,Stoxx Euro600 Auto {Sep 24}
S5Z23,Stoxx Euro600 Auto {Dec 23}
SH.C,Swiss Midcap Index Continuation
SHH24,Swiss Midcap Index {Mar 24}
SHM24,Swiss Midcap Index {Jun 24}
SHU24,Swiss Midcap Index {Sep 24}
SHZ23,Swiss Midcap Index {Dec 23}
ST.C,Swiss Leader Index Continuation
STH24,Swiss Leader Index {Mar 24}
STM24,Swiss Leader Index {Jun 24}
STU24,Swiss Leader Index {Sep 24}
STZ23,Swiss Leader Index {Dec 23}
SZ,Swiss Market Index
SZ.C,Swiss Market Index Continuation
SZH24,Swiss Market Index {Mar 24}
SZH25,Swiss Market Index {Mar 25}
SZH26,Swiss Market Index {Mar 26}
SZM24,Swiss Market Index {Jun 24}
SZM25,Swiss Market Index {Jun 25}
SZM26,Swiss Market Index {Jun 26}
SZU24,Swiss Market Index {Sep 24}
SZU25,Swiss Market Index {Sep 25}
SZU26,Swiss Market Index {Sep 26}
SZZ23,Swiss Market Index {Dec 23}
SZZ24,Swiss Market Index {Dec 24}
SZZ25,Swiss Market Index {Dec 25}
SZZ26,Swiss Market Index {Dec 26}
TM.C,Mini DAX Index Continuation
TMH24,Mini DAX Index {Mar 24}
TMH25,Mini DAX Index {Mar 25}
TMH26,Mini DAX Index {Mar 26}
TMM24,Mini DAX Index {Jun 24}
TMM25,Mini DAX Index {Jun 25}
TMM26,Mini DAX Index {Jun 26}
TMU24,Mini DAX Index {Sep 24}
TMU25,Mini DAX Index {Sep 25}
TMU26,Mini DAX Index {Sep 26}
TMZ23,Mini DAX Index {Dec 23}
TMZ24,Mini DAX Index {Dec 24}
TMZ25,Mini DAX Index {Dec 25}
TMZ26,Mini DAX Index {Dec 26}
TV.C,Eurex 3Month EuriBor Continuation
TVF24,Eurex 3Month EuriBor {Jan 24}
TVG24,Eurex 3Month EuriBor {Feb 24}
TVH24,Eurex 3Month EuriBor {Mar 24}
TVH25,Eurex 3Month EuriBor {Mar 25}
TVH26,Eurex 3Month EuriBor {Mar 26}
TVH27,Eurex 3Month EuriBor {Mar 27}
TVH28,Eurex 3Month EuriBor {Mar 28}
TVH29,Eurex 3Month EuriBor {Mar 29}
TVJ24,Eurex 3Month EuriBor {Apr 24}
TVK24,Eurex 3Month EuriBor {May 24}
TVM24,Eurex 3Month EuriBor {Jun 24}
TVM25,Eurex 3Month EuriBor {Jun 25}
TVM26,Eurex 3Month EuriBor {Jun 26}
TVM27,Eurex 3Month EuriBor {Jun 27}
TVM28,Eurex 3Month EuriBor {Jun 28}
TVM29,Eurex 3Month EuriBor {Jun 29}
TVU24,Eurex 3Month EuriBor {Sep 24}
TVU25,Eurex 3Month EuriBor {Sep 25}
TVU26,Eurex 3Month EuriBor {Sep 26}
TVU27,Eurex 3Month EuriBor {Sep 27}
TVU28,Eurex 3Month EuriBor {Sep 28}
TVU29,Eurex 3Month EuriBor {Sep 29}
TVZ23,Eurex 3Month EuriBor {Dec 23}
TVZ24,Eurex 3Month EuriBor {Dec 24}
TVZ25,Eurex 3Month EuriBor {Dec 25}
TVZ26,Eurex 3Month EuriBor {Dec 26}
TVZ27,Eurex 3Month EuriBor {Dec 27}
TVZ28,Eurex 3Month EuriBor {Dec 28}
TVZ29,Eurex 3Month EuriBor {Dec 29}
UH.C,Stoxx E600 Oil & Gas Continuation
UHH24,Stoxx E600 Oil & Gas {Mar 24}
UHM24,Stoxx E600 Oil & Gas {Jun 24}
UHU24,Stoxx E600 Oil & Gas {Sep 24}
UHZ23,Stoxx E600 Oil & Gas {Dec 23}
UJ.C,Stoxx E600 Basic Res Continuation
UJH24,Stoxx E600 Basic Res {Mar 24}
UJM24,Stoxx E600 Basic Res {Jun 24}
UJU24,Stoxx E600 Basic Res {Sep 24}
UJZ23,Stoxx E600 Basic Res {Dec 23}
UO.C,Stoxx E600 Technolog Continuation
UOH24,Stoxx E600 Technolog {Mar 24}
UOM24,Stoxx E600 Technolog {Jun 24}
UOU24,Stoxx E600 Technolog {Sep 24}
UOZ23,Stoxx E600 Technolog {Dec 23}
UQ.C,Stoxx E600 Media Continuation
UQH24,Stoxx E600 Media {Mar 24}
UQM24,Stoxx E600 Media {Jun 24}
UQU24,Stoxx E600 Media {Sep 24}
UQZ23,Stoxx E600 Media {Dec 23}
YS.C,Stoxx Euro600 Health Continuation
YSH24,Stoxx Euro600 Health {Mar 24}
YSM24,Stoxx Euro600 Health {Jun 24}
YSU24,Stoxx Euro600 Health {Sep 24}
YSZ23,Stoxx Euro600 Health {Dec 23}
